title,company,location,description,job_link,keywords
Research Intern – Generative AI Agents,synergylabs,"gurugram, haryana, india","Job Title: Research Intern – Generative AI Agents

Location: Gurugram

Duration: 3-6 months

Stipend: INR 15,000/-

About Us:

We are a technology-driven startup exploring the future of AI-powered agents and automation. Our mission is to build scalable solutions using cutting-edge Generative AI, LLMs, and autonomous agents that solve real-world problems. Join us if you’re curious, innovative, and ready to get your hands dirty with AI research!

Role Overview:

As a Research Intern, you will dive deep into the world of Generative AI agents, large language models (LLMs), and autonomous multi-agent systems. You’ll help us map the landscape, explore technical capabilities, evaluate tools, and contribute to prototype development.

Key Responsibilities:
• Conduct comprehensive research on Generative AI agents, LLM-based agents and autonomous agent frameworks.
• Analyze recent papers, blogs, GitHub projects, and industry updates related to AI agents.
• Benchmark and compare agent frameworks and toolkits for performance, capabilities, and real-world applications.
• Support the team in prototyping basic agent workflows and simulations.
• Prepare detailed reports, documentation, and presentation materials for internal knowledge sharing.
• Identify gaps, opportunities, and potential use cases for AI agents in specific industries (e.g., e-commerce, finance, customer support).
• Assist in writing proof-of-concept code (Python, JS, or any relevant language) to test different agent architectures.

Preferred Skills & Qualifications:
• Pursuing a degree in Computer Science, AI/ML, Data Science, or a related field.
• Strong interest in AI, LLMs, and multi-agent systems.
• Knowledge of Generative AI concepts, OpenAI APIs, LangChain, y, or similar tools (Bonus if hands-on).
• Experience with Python and familiarity with prompt engineering or fine-tuning models is a plus.
• Ability to read and summarize research papers effectively.
• Excellent analytical, writing, and presentation skills.
• A curious mindset, willing to experiment, learn, and share knowledge.

What You’ll Gain:

✅ Exposure to the latest advancements in Generative AI agents and autonomous systems

✅ Hands-on research and prototyping experience

✅ Opportunity to work closely with founders and tech leads

✅ Career mentorship in AI/ML and potential full-time conversion for top performers",https://www.google.com/search?q=eyJqb2JfdGl0bGUiOiJSZXNlYXJjaCBJbnRlcm4g4oCTIEdlbmVyYXRpdmUgQUkgQWdlbnRzIiwiY29tcGFueV9uYW1lIjoiU3luZXJneUxhYnMiLCJhZGRyZXNzX2NpdHkiOiJHdXJ1Z3JhbSwgSGFyeWFuYSwgSW5kaWEiLCJodGlkb2NpZCI6IlNYcXBFVmNnYnRnd1BvN1VBQUFBQUE9PSIsInV1bGUiOiJ3K0NBSVFJQ0lGU1c1a2FXRSIsImhsIjoiZW4ifQ==,"duration, effectively, sharing, join, technology, strong, edge, updates, exploring, test, leads, development, and, our, into, team, code, summarize, closely, job, tech, exposure, recent, knowledge, experience, industries, computer, tuning, frameworks, career, documentation, concepts, ready, interest, blogs, founders, research, simulations, powered, months, openai, preferred, prepare, analyze, opportunities, landscape, projects, language, benchmark, reports, assist, latest, map, technical, help, concept, problems, based, field, with, familiarity, prompt, models, presentation, key, python, title, performers, that, performance, location, github, use, capabilities, mentorship, using, driven, materials, applications, identify, gurugram, hands, agents, conversion, gain, relevant, automation, systems, degree, real, agent, what, proof, time, are, work, specific, workflows, writing, learn, potential, generative, llms, basic, prototype, skills, for, future, top, get, experiment, the, comprehensive, data, bonus, ability, engineering, pursuing, support, prototyping, explore, curious, architectures, tools, llm, willing, role, science, different, evaluate, overview, detailed, inr, contribute, your, conduct, similar, build, compare, dirty, dive, mindset, about, gaps, cases, innovative, stipend, you, deep, multi, share, read, industry, large, customer, mission, related, toolkits, any, plus, analytical, opportunity, apis, fine, internal, world, will, solutions, excellent, autonomous, cutting, langchain, papers, solve, startup, full, qualifications, scalable, finance, intern, advancements, responsibilities, commerce"
Lead Researcher - Image AI,"dolby laboratories, inc.","bengaluru, karnataka, india","Join the leader in entertainment innovation and help us design the future. At Dolby, science meets art, and high tech means more than computer code. As a member of the Dolby team, you’ll see and hear the results of your work everywhere, from movie theaters to smartphones. We continue to revolutionize how people create, deliver, and enjoy entertainment worldwide. To do that, we need the absolute best talent.

This is an opportunity to play a key role in Dolby's new R&D Center in Bangalore as a Research Lead in our Advanced Technology Group ""ATG"", the research and technology arm of Dolby Labs. With multiple competencies that innovate on technologies in audio, video, AR/VR, gaming, music, broadcast and user-generated content, areas of expertise related to computer science and electrical engineering, such as AI/ML, computer vision, data science & analytics, distributed systems, cloud, edge & mobile computing, natural language processing, social network analysis, and computer graphics are highly relevant to our research.

What you’ll do

As a Lead Researcher within Dolby ATG research, you focus on three key areas of responsibility:

• State-of the art, cutting edge, hands-on research:
• As a researcher, you will invent and develop the next generation of AI driven image and video analysis, enhancement, and processing technologies. Jointly with Dolby’s world-class global research teams, you will set directions, identify projects, and build the next wave of image technologies driving Dolby’s cloud and licensing business.
• With a solid understanding of both traditional image processing and newer AI technologies, you will not only perform research using signal processing based only solutions, but you will also work at the intersection of classical image processing and new AI algorithms. You will apply these insights to the research of image delivery, analysis, and content creation technologies.

• Managing, nurturing, and grooming top research talent:
• As a senior leader, you will manage and mentor a small group of researchers working in image processing, computer graphics, computer science, and content enhancement. You will work with your team as a coach and mentor. You are passionate about developing junior, highly talented staff into researchers that work fully independently in a corporate environment.
• Contribute to developing a dynamic, flexible, transparent, results-oriented and innovative working atmosphere.

• Technology strategy and direction setting:
• Jointly with Dolby’s world-class global research teams, you will set directions, identify projects, and build the next wave of AI based technologies driving Dolby’s cloud and licensing business.
• You work with ATG technology leaders to co-define projects and assign your staff to global R&D initiatives led by other technology initiative leads. Work jointly with upper management, lead resource and work allocation.
• You will also work with Dolby’s Business Groups (BG) to bring the research to life in many products, working closely with product managers, program managers, and BG engineering teams worldwide.

Education and desired experience
• Ph.D. plus 5-10 years of corporate research experience with a degree in Physics, Electrical Engineering, Mathematics, Computer Science.
• Very deep understanding and strong record of research in Computer Vision, image analysis, enhancement, compression, and processing technologies.
• You are an absolute top expert in AI with a deep and thorough theoretical understanding of the latest state-of the art AI technologies. You have a detailed understanding of all main network architectures, deployment modes, data augmentation and preparation, and theoretical performance analysis of model architectures. Knowledge of NLP and/or multi-modal architectures is highly desired. You have a good understanding of:
• Diffusion, autoregressive, or other generative models.
• Self-supervised, contrastive learning, auto-encoders
• Audio, image, or text applications – Source separation, text-to-speech, music synthesis, image segmentation, image captioning, question answering, language models, etc.
• Knowledge of Game environments, graphical processing, consumer products, SoC architectures, embedded software, GPU/CPU implementations, algorithm validation and testing, implementation of ML/AI algorithms.
• Demonstrated ability to create fundamentally new, novel (patentable) image processing, enhancement, and rendering technologies.
• Strong publication record in major image/video/AI conferences and journals (e.g. NeurIPS, ICLR, ICML, etc.).
• Strong track of inventing, developing and productizing video technologies in an industrial research environment.
• Ability to envision applications of new technologies in the form of innovative product solutions. Strong innovator.
• Highly skilled in C/C++, Python.
• Experience in managing, guiding and mentoring younger researchers.
• Team-oriented work ethic and interest to work in cross-continental teams.
• Strong personal interest in learning, researching, and creating relevant new technologies with high commercial impact.
• Excellent communication, collaboration, and presentation skills in English.

All official communication regarding employment opportunities at Dolby will come from an official dolby.com email address. We will never request payment as part of the hiring process. If you receive a suspicious message, please verify its authenticity before responding
• LI-SB1",https://www.google.com/search?q=eyJqb2JfdGl0bGUiOiJMZWFkIFJlc2VhcmNoZXIgLSBJbWFnZSBBSSIsImNvbXBhbnlfbmFtZSI6IkRvbGJ5IExhYm9yYXRvcmllcywgSW5jLiIsImFkZHJlc3NfY2l0eSI6IkJlbmdhbHVydSwgS2FybmF0YWthLCBJbmRpYSIsImh0aWRvY2lkIjoiNFVlNk9Db1VrQTVrX3d0QkFBQUFBQT09IiwidXVsZSI6IncrQ0FJUUlDSUZTVzVrYVdFIiwiaGwiOiJlbiJ9,"distributed, supervised, auto, creating, join, edge, industrial, image, journals, vision, labs, inventing, our, expertise, traditional, cloud, computer, also, initiatives, have, need, technologies, creation, enhancement, best, enjoy, set, newer, arm, verify, email, envision, small, performance, researching, using, life, center, identify, dynamic, setting, working, software, direction, younger, segmentation, nlp, high, environments, thorough, these, play, allocation, upper, cpu, analytics, global, analysis, role, managers, senior, many, define, official, augmentation, business, member, groups, request, com, people, separation, soc, delivery, modal, product, both, etc, cutting, highly, fundamentally, graphical, managing, mentor, strong, major, audio, talented, manage, environment, neurips, art, authenticity, results, publication, passionate, smartphones, research, corporate, suspicious, electrical, assign, opportunities, independently, transparent, help, coach, good, modes, presentation, only, that, captioning, embedded, mathematics, driven, fully, consumer, solid, atmosphere, products, implementation, systems, validation, junior, content, hiring, develop, music, than, never, broadcast, program, top, researcher, classical, ability, engineering, gpu, continental, architectures, text, everywhere, nurturing, detailed, years, intersection, such, new, talent, ethic, graphics, model, you, deep, design, jointly, related, network, learning, plus, commercial, atg, please, synthesis, guiding, leaders, responsibility, driving, other, generation, bring, technology, gaming, entertainment, how, dolby, revolutionize, group, rendering, into, and, theaters, team, algorithm, developing, tech, knowledge, interest, mobile, strategy, speech, communication, algorithms, preparation, projects, language, impact, deliver, diffusion, insights, based, with, models, key, python, conferences, but, novel, means, competencies, all, relevant, what, message, are, researchers, movie, wave, oriented, track, physics, source, skills, computing, encoders, self, deployment, not, see, science, contribute, question, innovate, led, this, english, productizing, class, focus, skilled, lead, employment, process, user, staff, understanding, opportunity, processing, world, autoregressive, desired, testing, implementations, record, absolute, very, collaboration, areas, create, regarding, more, expert, icml, cross, receive, leads, code, from, closely, experience, contrastive, perform, game, next, mentoring, part, address, innovation, patentable, latest, worldwide, leader, bangalore, payment, social, applications, demonstrated, within, multiple, iclr, hands, teams, degree, advanced, work, answering, video, generative, hear, grooming, generated, future, directions, the, management, data, three, signal, apply, invent, resource, natural, form, your, meets, build, theoretical, main, about, flexible, come, licensing, education, innovative, personal, compression, multi, continue, initiative, state, responding, will, solutions, excellent, before, its, innovator"
AI Researcher,digital green,"karnataka, india","AI Researcher (Language, Voice and Image)

Reports to : AI Director, Technology

About Digital Green

Digital Green is a pioneer global not for profit organization, utilizing digital platforms and community-driven approaches to amplify the voices of smallholder farmers and improve their livelihoods. Our mission is to create a world where farmers use technology and data to build prosperous communities. By harnessing the power of technology, we facilitate knowledge sharing, capacity building, and market linkages, enabling farmers to adopt sustainable agricultural practices and increase their productivity and income.

We are dedicated to transforming the lives of under-served smallholder farmers worldwide through innovative technology solutions. Backed by leading philanthropic organizations such as the Bill & Melinda Gates Foundation (BMGF), Walmart Foundation, USAID, and UK Foreign, Commonwealth & Development Office (UKFCDO), we are committed to leveraging data and technology to empower smallholder farmers and strengthen agricultural extension systems.

Job Summary

As an AI Researcher at Digital Green, you will be at the forefront of innovation, driving the development of language, voice, and computer vision models specifically tailored for the agricultural domain. Your work will directly contribute to enhancing the capabilities of our conversational bots, voice-enabled interfaces, and computer vision systems, enabling them to effectively understand and respond to user queries in local languages, recognize speech accurately, and analyze agricultural images. This role focuses on leveraging cutting-edge machine learning techniques to address key challenges faced by smallholder farmers, ultimately driving positive impact and transformation in agricultural practices and livelihoods.

Key Responsibilities:
• Domain-specific Language Modeling:
• Develop domain-specific language models trained on agricultural text data to improve our bots' ability to understand and generate content related to farming practices, crop management, pest control, weather forecasting, and other relevant topics. This includes enhancing comprehension and generation in local languages commonly used by farmers and designing algorithms to recognize and interpret agricultural terminology, abbreviations, and regional dialects.
• Voice Recognition Model Development:
• Develop and optimize automatic speech recognition (ASR) models for native languages spoken by smallholder farmers, incorporating domain-specific terminologies and regional dialects, using advanced techniques like deep learning, transfer learning, and data augmentation to ensure high accuracy and reliability in real-world settings.
• Computer Vision Model Development:
• Design and develop computer vision models and generative AI algorithms for agricultural applications, including plant disease detection, field infestation monitoring, crop detection, and image generation from textual descriptions, utilizing real data collected from agricultural fields and remote sensing platforms..
• Data Collection and Annotation:
• Formulate and coordinate a comprehensive plan with program teams and third-party services to collect, annotate, and ensure high-quality agricultural text, speech, and image data in local languages, capturing diverse linguistic variations, agricultural contexts, and image scenarios for training and fine-tuning models.
• Model Training, Optimization, and Evaluation:
• Train and optimize language, ASR, and computer vision models using state-of-the-art techniques to achieve high accuracy and reliability.
• Evaluate model performance using key metrics such as accuracy, word error rate, precision, recall, and F1 score, and iteratively refine models based on feedback and insights.
• Collaboration and Integration:
• Collaborate closely with software engineers, data scientists, agricultural experts, and product managers to integrate AI capabilities into Digital Green's platforms, ensuring seamless functionality and user experience.
• Share insights and learnings with internal teams, government partners, and stakeholders to facilitate knowledge transfer and capacity building.
• Continuous Improvement and Knowledge Sharing:
• Stay updated with the latest advancements in NLP, ASR, and computer vision research and techniques, continuously refining and optimizing models to deliver state-of-the-art performance.
• Document model architectures, training procedures, and best practices, and share knowledge with cross-functional teams and stakeholders.

Qualifications:
• Education: Ph.D. or Master's degree in Computer Science, Artificial Intelligence, Engineering, or a related field with a focus on NLP, speech recognition, or computer vision.
• Experience: Proven experience of 8+ years in AI research, with a strong track record of developing language models, ASR models, and computer vision algorithms. Experience in the agricultural domain is a plus.
• Programming Skills: Proficiency in Python and experience with machine learning frameworks and libraries such as TensorFlow, PyTorch, Hugging Face Transformers, Kaldi, Mozilla DeepSpeech, OpenCV, and Keras.
• Analytical Skills: Strong analytical and problem-solving skills, with the ability to critically evaluate research papers, design experiments, and interpret results.
• Domain Knowledge: Familiarity with agricultural practices, terminology, plant biology, crop diseases, and field monitoring techniques, with a demonstrated ability to customize AI solutions for domain-specific requirements.
• Communication Skills: Excellent interpersonal and communication skills, with the ability to collaborate effectively with cross-functional teams and stakeholders and communicate technical concepts to non-technical audiences.

Compensation and Application Process:

Digital Green Trust is a great place to work and prides itself on a competitive and comprehensive compensation and benefits package. Digital Green Trust is proud to be an equal opportunity employer. All qualified applicants will receive consideration for employment without regard to race, color, religion, sex, national origin, disability status, protected veteran status, or any other characteristic protected by law. Please send your application along with an updated CV and a cover letter explaining your suitability for the position. All completed applications should be applied through

Join us at Digital Green and leverage your expertise in AI to transform agricultural practices and improve the livelihoods of smallholder farmers worldwide.

7kSs7ex5D2",https://www.google.com/search?q=eyJqb2JfdGl0bGUiOiJBSSBSZXNlYXJjaGVyIiwiY29tcGFueV9uYW1lIjoiRGlnaXRhbCBHcmVlbiIsImFkZHJlc3NfY2l0eSI6Ikthcm5hdGFrYSwgSW5kaWEiLCJodGlkb2NpZCI6IjQxV2xTbWQ5XzQzaXlocmpBQUFBQUE9PSIsInV1bGUiOiJ3K0NBSVFJQ0lGU1c1a2FXRSIsImhsIjoiZW4ifQ==,"sharing, join, edge, image, queries, vision, our, expertise, platforms, job, forefront, abbreviations, harnessing, computer, frameworks, government, prides, machine, amplify, terminologies, customize, collection, farmers, best, where, seamless, hugging, lives, reliability, familiarity, applicants, market, performance, using, intelligence, software, transfer, national, requirements, optimizing, power, explaining, modeling, nlp, high, refine, kaldi, regard, variations, opencv, position, domain, served, stay, coordinate, global, commonwealth, role, annotate, managers, augmentation, walmart, remote, disability, mozilla, share, increase, optimization, transform, learnings, accurately, local, procedures, philanthropic, place, product, challenges, diverse, word, cutting, papers, faced, pytorch, sex, crop, specific, responsibilities, images, strong, plan, generate, trust, development, art, integrate, results, refining, optimize, partners, concepts, research, religion, analyze, diseases, techniques, equal, voices, proven, utilizing, plant, technical, ukfcdo, farming, field, pest, directly, programming, leveraging, agricultural, use, capabilities, like, driven, under, protected, employer, feedback, continuous, itself, trained, systems, real, rate, content, positive, experiments, develop, native, for, program, researcher, consideration, focuses, including, ability, engineering, topics, settings, architectures, extension, text, specifically, solving, evaluate, years, face, without, such, dialects, scenarios, empower, bill, detection, model, you, deep, design, mission, related, any, transformation, learning, scientists, plus, enabled, analytical, please, adopt, fine, artificial, compensation, dedicated, engineers, terminology, capturing, accuracy, backed, updated, metrics, driving, other, generation, effectively, technology, smallholder, leverage, capacity, should, origin, into, and, error, regional, organization, developing, quality, law, knowledge, productivity, experts, completed, contexts, speech, communication, biology, algorithms, color, ensure, tailored, impact, language, reports, stakeholders, their, foundation, used, veteran, deliver, spoken, insights, based, with, models, status, key, python, tensorflow, audiences, race, transforming, competitive, all, along, non, textual, iteratively, interfaces, relevant, languages, conversational, are, leading, strengthen, enhancing, track, functional, skills, letter, integration, recognition, voice, automatic, weather, disease, annotation, not, communities, science, gates, green, contribute, training, formulate, foreign, application, this, descriptions, focus, comprehension, collaborate, proficiency, process, respond, employment, pioneer, digital, user, sustainable, train, opportunity, internal, world, functionality, keras, bmgf, critically, record, ensuring, collaboration, create, advancements, linguistic, evaluation, proud, applied, director, them, income, cross, receive, building, from, closely, recognize, qualified, practices, document, recall, experience, monitoring, tuning, profit, prosperous, precision, problem, benefits, package, commonly, improve, continuously, deepspeech, address, innovation, improvement, latest, score, worldwide, third, approaches, control, applications, demonstrated, send, achieve, designing, understand, services, cover, degree, teams, sensing, advanced, work, interpersonal, enabling, melinda, generative, office, summary, fields, collected, the, management, organizations, comprehensive, data, master, through, livelihoods, community, linkages, communicate, interpret, includes, bots, characteristic, collect, your, suitability, ultimately, build, asr, transformers, party, about, usaid, education, great, innovative, forecasting, state, libraries, will, solutions, excellent, facilitate, committed, incorporating, qualifications, infestation"
Senior Research Scientist (AI/ML),nielseniq,"chennai, tamil nadu, india","Company Description

NielsenIQ is a consumer intelligence company that delivers the Full View™, the world’s most complete and clear understanding of consumer buying behavior that reveals new pathways to growth. Since 1923, NIQ has moved measurement forward for industries and economies across the globe. We are putting the brightest and most dedicated minds together to accelerate progress. Our diversity brings out the best in each other so we can leave a lasting legacy on the work that we do and the people that we do it with. NielsenIQ offers a range of products and services that leverage Machine Learning and Artificial Intelligence to provide insights into consumer behavior and market trends. This position opens the opportunity to apply the latest state of the art in AI/ML and data science to global and key strategic projects.

Job Description

NielsenIQ’s Innovation Team is growing our AI capabilities and is now looking to hire a senior research scientist in India (Chennai or Pune) for the Core Models team, a multidisciplinary team of researchers working on different areas of AI such as recommender systems, extreme classifiers, Large Language Models (LLMs), among others. As part of this team, you will stay up to date with the latest research in AI (with special focus on NLP, but also on Computer Vision and other AI related fields), implement current state-of-the-art algorithms in real-world and large-scale challenging problems as well as proposing novel ideas. Your main focus will be developing and customizing LLMs for consumer insights, injecting knowledge about NIQ’s business (FMCG and Tech&Durables) and building downstream applications. You will also have the opportunity to produce scientific content such as patents or conference/journal papers. The selected candidate will also be responsible for analyzing data, researching the most appropriate techniques, and the development, testing, support and delivery of proof of concepts.

Job Responsibilities:
• Investigate, develop, and apply machine learning innovations with minimal technical supervision.
• Perform feasibility studies and analyze data to determine the most appropriate solution.
• Drive innovation and lead our work on custom Large Language Models.
• Work on many different data challenges, always ensuring a combination of simplicity, scalability, reproducibility and maintainability within the ML solutions and source code.
• Be able to communicate results to tech and non-tech audiences.
• To work as a member of a team, encouraging team building, motivation and cultivating effective team relations.

Qualifications

Required Education, Skills and Experience:
• Master's degree in computer science or an equivalent numerate discipline.
• At least 4-5 years’ experience with evidence in a related field.
• Strong background in computer science, linear algebra, probability.
• Solid experience in Machine Learning and Deep Learning (special focus on Transformers).
• Proven experience in Natural Language Processing and Large Language Models.
• Able to understand scientific papers and develop ideas into executable code.
• Proven track record of innovation in creating novel algorithms, publishing in AI conferences/journals and applying the latest advances in AI to real world problems.
• Data analysis and practical hands-on experience with datasets, ML models and evaluations.
• Languages and technologies: Python, PyTorch, Huggingface, git, pandas/polars, sklearn.
• Proactive attitude, constructive, intellectual curiosity, and persistence to find answers to questions.
• A proficient level of interpersonal and communication skills (English level B2 minimum).
• Keen to work as part of a diverse team of international colleagues and in a global inclusive culture.

Additional Information

Preferred Education, Skills and Experience:
• PhD in science (NLP is preferred) and specialized courses in one of the above-mentioned fields.
• Experience working with large real-world datasets and scalable ML solutions.
• Previous experience in ecommerce, retail and/or FMCG/Consumer Insight business.
• Agile methodologies development (SCRUM or Scale Agile).

Our Benefits
• Flexible working environment
• Volunteer time off
• LinkedIn Learning
• Employee-Assistance-Program (EAP)

About NIQ

NIQ is the world’s leading consumer intelligence company, delivering the most complete understanding of consumer buying behavior and revealing new pathways to growth. In 2023, NIQ combined with GfK, bringing together the two industry leaders with unparalleled global reach. With a holistic retail read and the most comprehensive consumer insights—delivered with advanced analytics through state-of-the-art platforms—NIQ delivers the Full View™. NIQ is an Advent International portfolio company with operations in 100+ markets, covering more than 90% of the world’s population.

For more information, visit NIQ.com

Want to keep up with our latest updates?

Follow us on: LinkedIn | Instagram | Twitter | Facebook

Our commitment to Diversity, Equity, and Inclusion

NIQ is committed to reflecting the diversity of the clients, communities, and markets we measure within our own workforce. We exist to count everyone and are on a mission to systematically embed inclusion and diversity into all aspects of our workforce, measurement, and products. We enthusiastically invite candidates who share that mission to join us. We are proud to be an Equal Opportunity/Affirmative Action-Employer, making decisions without regard to race, color, religion, gender, gender identity or expression, sexual orientation, national origin, genetics, disability status, age, marital status, protected veteran status or any other protected class. Our global non-discrimination policy covers these protected classes in every market in which we do business worldwide. Learn more about how we are driving diversity and inclusion in everything we do by visiting the NIQ News Center: https://nielseniq.com/global/en/news-center/diversity-inclusion",https://www.google.com/search?q=eyJqb2JfdGl0bGUiOiJTZW5pb3IgUmVzZWFyY2ggU2NpZW50aXN0IChBSS9NTCkiLCJjb21wYW55X25hbWUiOiJOaWVsc2VuSVEiLCJhZGRyZXNzX2NpdHkiOiJDaGVubmFpLCBUYW1pbCBOYWR1LCBJbmRpYSIsImh0aWRvY2lkIjoiaXc1c1BUZEdaTmxRV3NiQkFBQUFBQT09IiwidXVsZSI6IncrQ0FJUUlDSUZTVzVrYVdFIiwiaGwiOiJlbiJ9,"creating, join, international, journals, retail, vision, encouraging, our, job, platforms, marital, opens, mentioned, industries, computer, also, everyone, machine, have, technologies, policy, best, injecting, required, problems, genetics, workforce, markets, market, everything, covers, researching, courses, center, always, intelligence, working, feasibility, sexual, national, systematically, time, nlp, git, buying, clear, legacy, regard, studies, learn, reach, holistic, scientific, these, instagram, discipline, position, stay, minimum, date, visiting, applying, analytics, global, bringing, analysis, appropriate, phd, brings, evidence, senior, many, business, member, classifiers, progress, disability, trends, implement, com, who, people, additional, share, economies, scrum, delivery, ecommerce, equivalent, view, range, challenges, diverse, current, decisions, papers, equity, pytorch, every, company, responsibilities, answers, publishing, strong, gfk, environment, development, art, results, persistence, strategic, concepts, behavior, research, since, enthusiastically, religion, analyze, techniques, equal, proven, core, intellectual, own, off, exist, technical, information, news, multidisciplinary, field, innovations, agile, description, that, reproducibility, pune, capabilities, eap, downstream, growing, protected, employer, consumer, measure, solid, gender, products, systems, real, proof, content, advent, others, develop, conference, insight, linear, for, keen, than, program, forward, expression, pathways, two, support, maintainability, scientist, inclusive, simplicity, delivering, https, extreme, visit, provide, employee, pandas, years, without, analyzing, scalability, such, new, advances, candidate, least, you, deep, find, related, mission, any, learning, responsible, reveals, portfolio, twitter, artificial, dedicated, lasting, leaders, previous, polars, driving, one, effective, other, fmcg, nielseniq, leverage, how, brightest, origin, and, into, team, developing, tech, candidates, knowledge, communication, algorithms, numerate, color, questions, projects, language, algebra, veteran, moved, insights, constructive, proposing, ideas, evaluations, with, orientation, models, status, key, python, audiences, conferences, race, special, but, level, custom, putting, accelerate, across, novel, proactive, clients, want, reflecting, all, each, offers, non, methodologies, operations, huggingface, languages, facebook, now, are, researchers, leading, track, determine, sklearn, source, skills, practical, curiosity, globe, drive, datasets, patents, revealing, communities, science, cultivating, produce, action, executable, minds, this, english, combined, class, focus, well, commitment, large, proficient, lead, growth, understanding, opportunity, processing, looking, world, motivation, background, hire, testing, identity, record, among, ensuring, full, areas, proud, volunteer, more, classes, updates, above, assistance, building, out, code, can, india, keep, experience, niq, perform, colleagues, benefits, preferred, culture, part, aspects, discrimination, delivered, recommender, innovation, latest, attitude, invite, worldwide, affirmative, challenging, complete, applications, within, minimal, linkedin, population, hands, investigate, services, understand, degree, scale, advanced, work, interpersonal, covering, together, measurement, unparalleled, inclusion, llms, fields, supervision, making, the, selected, embed, comprehensive, data, journal, master, count, combination, solution, apply, through, natural, probability, able, different, communicate, follow, your, durables, specialized, customizing, transformers, relations, main, has, about, flexible, which, diversity, education, read, industry, state, delivers, most, will, solutions, committed, qualifications, scalable, age, chennai, leave"
"Research Scientist, Language",google deepmind,"karnataka, india","Research Scientist: Language

Snapshot

The Languages team at Google Deepmind India is driven by a mission to make AI more linguistically inclusive. We push the boundaries of multilingual and multimodal Large Language Models (LLMs). Our work also encompasses modularity and composition, aiming to make LLMs more responsible and culturally aware. Furthermore, we prioritize methods for high quality data curation and representative evaluation to ensure that our advancements are inclusive and reflective of diverse linguistic contexts and user needs. In addition to fundamental research, we apply our research advances in critical product launches in Google, touching the lives of hundreds of millions of users, and we are looking forward to doing more!

About Us

Artificial Intelligence could be one of humanitys most useful inventions. At Google DeepMind, were a team of scientists, engineers, machine learning experts and more, working together to advance the state of the art in artificial intelligence. We use our technologies for widespread public benefit and scientific discovery, and collaborate with others on critical challenges, ensuring safety and ethics are the highest priority.

The role

Research Scientists at Google DeepMind lead our efforts in developing novel algorithmic architecture towards the end goal of solving and building Artificial General Intelligence.

Having pioneered research in the world's leading academic and industrial labs in PhDs, post-docs or professorships, Research Scientists join Google DeepMind to work collaboratively within and across Research fields. They develop solutions to fundamental questions in machine learning and AI.

Key Responsibilities
Design, implement and evaluate models, agents and software prototypes of language processing.
Report and present research findings and developments including status and results clearly and efficiently both internally and externally, verbally and in writing.
Suggest and engage in team collaborations to meet ambitious research goals.
Work with external collaborators and maintain relationships with relevant research labs and key individuals as appropriate.
Work in collaboration with our Responsible AI teams to ensure our advances in intelligence are developed ethically and provide broad benefits to humanity.

About You

In order to set you up for success as a Research Scientist at Google DeepMind India, we look for the following skills and experience:
PhD in a technical field or equivalent practical experience.

In addition, the following would be an advantage:
PhD in Natural Language Processing, Machine Learning, or related areas
A proven track record of publications and relevant experience in one or more areas such as multilingual modeling, multimodality, Large Language models, evaluations, etc
A real passion for AI and language!
,",https://www.google.com/search?q=eyJqb2JfdGl0bGUiOiJSZXNlYXJjaCBTY2llbnRpc3QsIExhbmd1YWdlIiwiY29tcGFueV9uYW1lIjoiR29vZ2xlIERlZXBNaW5kIiwiYWRkcmVzc19jaXR5IjoiS2FybmF0YWthLCBJbmRpYSIsImh0aWRvY2lkIjoieFg2V1hJSHBwRS1BX2dBREFBQUFBQT09IiwidXVsZSI6IncrQ0FJUUlDSUZTVzVrYVdFIiwiaGwiOiJlbiJ9,"useful, users, were, join, broad, google, efficiently, clearly, industrial, culturally, more, aiming, widespread, labs, post, building, and, our, art, team, developing, results, quality, make, india, linguistically, experts, experience, general, public, contexts, also, encompasses, collaboratively, following, research, reflective, machine, benefits, ensure, questions, technologies, proven, highest, relationships, they, language, docs, engage, inventions, set, methods, ethics, efforts, technical, touching, developments, snapshot, prioritize, lives, evaluations, verbally, academic, field, with, models, status, key, that, curation, externally, developed, use, driven, external, passion, advantage, boundaries, intelligence, working, within, across, novel, order, software, doing, benefit, agents, goal, goals, relevant, languages, advance, teams, real, modeling, success, high, maintain, work, are, leading, discovery, humanity, furthermore, together, track, writing, multilingual, others, prototypes, develop, millions, llms, skills, scientific, having, fields, for, practical, needs, publications, the, forward, could, collaborations, representative, including, data, report, meet, scientist, inclusive, push, look, apply, role, natural, appropriate, phd, solving, evaluate, hundreds, provide, humanitys, modularity, collaborators, architecture, deepmind, such, ethically, towards, aware, advances, phds, about, implement, critical, launches, priority, you, addition, professorships, safety, design, large, mission, related, findings, multimodality, collaborate, lead, scientists, learning, responsible, state, present, user, processing, end, fundamental, looking, artificial, most, algorithmic, world, engineers, pioneered, equivalent, product, solutions, both, diverse, challenges, internally, etc, composition, suggest, record, ensuring, one, collaboration, areas, individuals, ambitious, advancements, responsibilities, multimodal, linguistic, would, evaluation"
Senior AI Scientist,ge healthcare,"bengaluru, karnataka, india","Job Description Summary
Personalization in healthcare has been identified as a key growth area for GE HealthCare (GEHC) and Advanced Technology Group will play a key role in developing targeted solutions that meets the goal of Precision Medicine. At GEHC, there are on-going, multi-disciplinary programs in digital and molecular pathology, tissue imaging, diagnostic imaging (MRI, CT, PET, Ultrasound), physiological monitoring (ECG, US, EEG, etc.) and informatics approaches to identify clinically relevant biosignatures. We believe that AI can quickly and more accurately identify signs of disease in medical images, like MRI, CT scans, ultrasound, and x-rays, and therefore allow faster diagnostics and positively impact the patient outcomes. Our teams are leading the AI effort in advancing the care pathway, such as improving the organization of treatment plans, analyzing data to provide better treatment plans, and monitoring treatments. AI will play a central role in this initiative with breakthroughs resulting in image interpretations, identifying imaging biomarkers for many applications including tissue characterization, analyzing physiological data for patient care solutions, and in many instances accelerating the clinical workflow so that healthcare costs are reduced.

As a team, you will Innovate and execute on the R&D strategy around image analytics aligned with the GEHC business initiatives in a broad set of areas (Patient monitoring, MRI, CT, Ultrasound, X-Ray, Cell therapy, Molecular Diagnostics, etc.),Drive cutting edge research in core imaging and signal processing problems ,Participate in strategic collaborations with top universities and pharma/biotech and Publish in key conferences and journals, as well as generate core IP.

GE Healthcare is a leading global medical technology and digital solutions innovator. Our mission is to improve lives in the moments that matter. Unlock your ambition, turn ideas into world-changing realities, and join an organization where every voice makes a difference, and every difference builds a healthier world.

Job Description

Roles and Responsibilities

As a Senior AI Scientist, you will be part of a data science team working on commercially-facing development projects, typically involving large, complex data sets.

The Advanced Technology Group is focused on signal and image processing for Ultrasound, MRI, CT, X-ray and Physiological Monitoring data as well as real time image analysis for industrial applications. The candidate should be highly passionate and an enthusiastic player for solving problems in medical imaging by building and implementing algorithms for image processing, machine learning, and deep learning. As a Senior AI Scientist in the domain of medical imaging you will be responsible for
• Research, design and implementation of algorithms for multiple modalities spanning from Ultrasound, MR, CT, X-ray, patient monitoring, and life sciences applications
• Advance the state-of-the-art in the field, including generating patents and publications in top journals and conferences
• Participate in cutting edge research in artificial intelligence and machine learning applications., and develop solutions for real world, large scale problems
• Work on technologies that accelerate workflows, optimizes patient specific imaging and create device agnostic imaging algorithms
• Fast prototyping, feasibility studies, specification and implementation of medical imaging product components.
• Build partnerships with Clinical sites and Universities and drive clinical innovations in the areas of brain health
• Work with customers to understand algorithm and workflow requirements and deliver solutions

Qualifications/ Requirements
• PhD/Master’s in Computer Science, Machine Learning, Electrical Engineering/Electronics and communication engineering with a minimum of 3+ years of experience specializing in medical imaging.
• Excellent foundations in design, analysis, and implementation of algorithms. Basic understanding of machine learning, computer vision or deep learning is preferred.
• Expertise and Experience in Machine Learning, Applied Mathematics, Computer Vision fields
• Excellent theoretical and practical background in Machine Learning, Deep Learning, Statistical Pattern Recognition, Applied Mathematics, Medical Imaging, Natural Language Processing, text understanding, classification, pattern recognition,
• Experience in publishing record in Journals of International repute and conferences such as ISBI, ICLR, NIPS, OHBM and others
• Familiarity with Python, C++, and deep learning libraries is a must
• Outstanding interpersonal and communication skills
• Exceptional Team player and ability to prioritize work
• Proven experience in AI, Deep Learning, Machine Learning, Applied Mathematics, Computer Vision fields

Leadership
• Demonstrated skill at working in a team setting
• Demonstrated skill in critical thinking and problem-solving methods
• Demonstrated skill in presentation and influencing skills

Personal Attributes
• Demonstrated awareness of how to succeed in ambiguous circumstances.

Inclusion and Diversity

GE Healthcare is an Equal Opportunity Employer where inclusion matters. Employment decisions are made without regard to race, color, religion, national or ethnic origin, sex, sexual orientation, gender identity or expression, age, disability, protected veteran status or other characteristics protected by law.

We expect all employees to live and breathe our behaviors: to act with humility and build trust; lead with transparency; deliver with focus, and drive ownership – always with unyielding integrity.

Our total rewards are designed to unlock your ambition by giving you the boost and flexibility you need to turn your ideas into world-changing realities. Our salary and benefits are everything you’d expect from an organization with global strength and scale, and you’ll be surrounded by career opportunities in a culture that fosters care, collaboration and support.

#LI-AM11

#LI-Hybrid

Additional Information

Relocation Assistance Provided: Yes",https://www.google.com/search?q=eyJqb2JfdGl0bGUiOiJTZW5pb3IgQUkgU2NpZW50aXN0IiwiY29tcGFueV9uYW1lIjoiR0UgSEVBTFRIQ0FSRSIsImFkZHJlc3NfY2l0eSI6IkJlbmdhbHVydSwgS2FybmF0YWthLCBJbmRpYSIsImh0aWRvY2lkIjoiaDl2Z3Z0dVppTk9tOXhOREFBQUFBQT09IiwidXVsZSI6IncrQ0FJUUlDSUZTVzVrYVdFIiwiaGwiOiJlbiJ9,"therapy, publish, positively, informatics, join, broad, international, edge, industrial, image, journals, biomarkers, vision, our, expertise, job, participate, fosters, computer, commercially, initiatives, effort, machine, medical, technologies, ultrasound, need, specification, set, realities, where, pattern, problems, pathology, lives, familiarity, expect, resulting, everything, outcomes, life, identify, universities, setting, working, intelligence, always, feasibility, matters, sexual, national, requirements, time, advance, regard, studies, specializing, sets, care, customers, identifying, electronics, unyielding, domain, play, minimum, analytics, global, analysis, role, phd, area, components, senior, many, business, matter, treatment, disability, additional, accurately, therefore, agnostic, aligned, product, etc, awareness, cell, cutting, decisions, highly, player, every, sites, sex, hybrid, specific, responsibilities, images, publishing, provided, generate, signs, trust, development, art, enthusiastic, healthcare, accelerating, strategic, passionate, treatments, career, research, imaging, electrical, religion, equal, disciplinary, proven, opportunities, core, outstanding, methods, information, turn, field, innovations, presentation, description, around, that, mathematics, like, protected, employer, reduced, gender, goal, going, implementation, real, total, mri, eeg, focused, others, giving, develop, for, costs, faster, top, programs, collaborations, designed, expression, including, ability, engineering, support, scientist, influencing, biotech, personalization, solving, text, execute, provide, years, salary, without, analyzing, yes, such, involving, thinking, quickly, candidate, flexibility, you, deep, design, ethnic, mission, biosignatures, generating, learning, responsible, succeed, scans, artificial, diagnostic, ohbm, isbi, instances, characterization, other, physiological, technology, how, gehc, surrounded, group, should, origin, and, advancing, into, team, repute, algorithm, developing, organization, must, law, difference, fast, strategy, breathe, communication, act, algorithms, color, impact, projects, language, statistical, believe, veteran, device, targeted, deliver, ambiguous, complex, prioritize, ideas, unlock, with, sciences, orientation, status, key, python, race, conferences, ray, brain, accelerate, roles, all, ambition, diagnostics, relevant, plans, are, leading, facing, ecg, health, identified, skills, recognition, patient, practical, voice, publications, drive, disease, medicine, live, prototyping, patents, modalities, science, integrity, made, innovate, this, moments, central, circumstances, focus, well, large, pathway, lead, employment, growth, digital, understanding, processing, opportunity, world, transparency, clinical, background, partnerships, identity, record, collaboration, areas, create, boost, applied, skill, more, ownership, assistance, building, from, characteristics, can, experience, monitoring, implementing, precision, problem, benefits, preferred, improve, culture, part, optimizes, behaviors, interpretations, nips, rewards, relocation, been, classification, pharma, approaches, applications, demonstrated, humility, multiple, iclr, rays, better, understand, molecular, teams, scale, advanced, strength, work, interpersonal, workflows, foundations, attributes, spanning, inclusion, basic, summary, fields, workflow, the, data, master, tissue, signal, natural, leadership, your, typically, meets, pet, build, builds, allow, there, changing, theoretical, has, makes, improving, diversity, critical, clinically, healthier, personal, multi, initiative, state, libraries, will, employees, solutions, excellent, breakthroughs, qualifications, age, innovator, exceptional"
AI Researcher & Implementer Fresher Job,growify digital,"new delhi, delhi, india","About the job:
Key responsibilities:

1. Research AI tools and technologies applicable to e-commerce digital marketing

2. Evaluate AI platforms for content creation, data analysis, campaign optimization, and customer segmentation

3. Analyze existing marketing workflows (SEO, Paid Ads, Social Media, etc.) to pinpoint inefficiencies

4. Develop proposals for AI-driven solutions to improve operational efficiency

5. Collaborate with each marketing department to understand their unique needs

6. Assist in the integration and deployment of selected AI tools

7. Conduct testing and evaluation of implemented AI solutions

8. Create documentation and training materials for team members

9. Analyze data generated by AI tools to measure performance

10. Prepare reports and presentations summarizing findings and recommendations

11. Interpret data and provide recommendations to the marketing staff

Requirements:

1. Strong interest in AI and its application in digital marketing

2. Basic understanding of machine learning concepts

3. Analytical and problem-solving abilities

4. Excellent communication and collaboration skills

5. Currently enrolled in or recent graduate of a bachelor's/master's program in computer science, data science, AI, marketing, or a related field

Who can apply:

Only those candidates can apply who:
• are Computer Science Engineering students

Salary:
₹ 2,00,000 - 3,00,000 /year

Experience:
0 year(s)

Deadline:
2025-04-20 23:59:59

Skills required:
JavaScript and Artificial intelligence

About Company:
We are an e-commerce sales-oriented agency focused on the fashion industry in India. We work as partners with our clients by taking over the digital channels to monetize them by doing everything from setting up their website, accounts, and channels to running ads across various digital channels to doing in-house sales and finally even managing their payment collection and order fulfillment by coordinating with production and their customers. Our incentive to achieve sales is because we get paid with sales cuts and thus are true partners with our clients to achieve the best for their business. Our uniqueness stems from our tech-oriented approach to marketing and diligence with sales.",https://www.google.com/search?q=eyJqb2JfdGl0bGUiOiJBSSBSZXNlYXJjaGVyIFx1MDAyNiBJbXBsZW1lbnRlciBGcmVzaGVyIEpvYiIsImNvbXBhbnlfbmFtZSI6Ikdyb3dpZnkgRGlnaXRhbCIsImFkZHJlc3NfY2l0eSI6Ik5ldyBEZWxoaSwgRGVsaGksIEluZGlhIiwiaHRpZG9jaWQiOiJfdmM2RWZzdjBrQ0ljTmNCQUFBQUFBPT0iLCJ1dWxlIjoidytDQUlRSUNJRlNXNWthV0UiLCJobCI6ImVuIn0=,"strong, over, them, diligence, unique, cuts, implemented, deadline, those, and, our, from, team, website, coordinating, job, platforms, tech, can, candidates, india, recent, accounts, experience, fashion, marketing, computer, partners, documentation, concepts, interest, communication, bachelor, research, finally, department, machine, problem, prepare, analyze, improve, agency, production, technologies, graduate, collection, assist, reports, their, creation, best, paid, required, field, with, payment, uniqueness, key, only, media, abilities, social, performance, everything, materials, driven, incentive, members, setting, intelligence, clients, across, order, various, achieve, doing, each, measure, understand, existing, requirements, channels, segmentation, are, work, content, workflows, focused, oriented, enrolled, develop, basic, skills, customers, integration, house, for, generated, sales, program, needs, get, the, selected, because, approach, data, inefficiencies, master, even, engineering, monetize, deployment, taking, tools, analysis, stems, apply, javascript, solving, recommendations, summarizing, science, evaluate, provide, interpret, pinpoint, applicable, salary, training, conduct, students, business, proposals, ads, seo, application, about, operational, who, running, optimization, true, industry, customer, related, findings, collaborate, learning, digital, analytical, staff, understanding, campaign, artificial, solutions, fulfillment, testing, excellent, efficiency, etc, thus, its, presentations, collaboration, currently, company, year, create, responsibilities, commerce, managing, evaluation"
Artificial Intelligence Researcher,birbal ai,"chennai, tamil nadu, india","Company Description

At Birbal AI, we're leading the way in developing AI-driven solutions to empower businesses and individuals. Our mission is to revolutionize work processes by providing efficient, creative, and tailored AI tools that adapt to the needs of our clients. With a focus on innovation and empowerment, we help our clients achieve their goals and drive impact in a rapidly changing world.

Role Description

This is a full-time, on-site role for an Artificial Intelligence Researcher at Birbal AI. The AI Researcher will be responsible for conducting research in computer science, pattern recognition, data science, statistics, and other related areas. The role will involve developing innovative AI solutions to drive productivity and innovation within the organization.

Qualifications
Computer Science and Data Science skills
Experience in Pattern Recognition and Statistics
Strong research skills
Ability to work independently and collaboratively
Excellent problem-solving and analytical skills
Ph.D. in Computer Science, Artificial Intelligence, or related field
Previous experience in AI research and development,",https://www.google.com/search?q=eyJqb2JfdGl0bGUiOiJBcnRpZmljaWFsIEludGVsbGlnZW5jZSBSZXNlYXJjaGVyIiwiY29tcGFueV9uYW1lIjoiQmlyYmFsIEFJIiwiYWRkcmVzc19jaXR5IjoiQ2hlbm5haSwgVGFtaWwgTmFkdSwgSW5kaWEiLCJodGlkb2NpZCI6IjhEcGtaSzF5OTZhQzVtcnRBQUFBQUE9PSIsInV1bGUiOiJ3K0NBSVFJQ0lGU1c1a2FXRSIsImhsIjoiZW4ifQ==,"strong, empowerment, revolutionize, development, and, our, developing, organization, productivity, experience, computer, rapidly, collaboratively, research, problem, statistics, tailored, independently, impact, innovation, their, help, pattern, field, with, description, site, that, processes, driven, intelligence, within, clients, achieve, goals, birbal, time, work, leading, adapt, skills, recognition, for, needs, the, drive, researcher, efficient, data, ability, tools, role, solving, science, creative, changing, empower, this, innovative, focus, mission, related, responsible, analytical, world, artificial, will, involve, solutions, excellent, conducting, previous, businesses, full, qualifications, way, areas, company, individuals, providing, other"
Senior Generative AI Researcher,dolby,"karnataka, india","Join the leader in entertainment innovation and help us design the future. At Dolby, science meets art, and high tech means more than computer code. As a member of the Dolby team, you’ll see and hear the results of your work everywhere, from movie theaters to smartphones. We continue to revolutionize how people create, deliver, and enjoy entertainment worldwide. To do that, we need the absolute best talent. We’re big enough to give you all the resources you need, and small enough so you can make a real difference and earn recognition for your work. We offer a collegial culture, challenging projects, and excellent compensation and benefits, not to mention a Flex Work approach that is truly flexible to support where, when, and how you do your best work.

Dolby’s research division is looking for an AI researcher to join Dolby’s research efforts to develop the next generation of AI based multimodal technologies. The candidate will work with Dolby’s world-class audio and vision experts to invent new multimedia analysis, processing and rendering technologies to drive new interactive and immersive experiences. As a part of an international team, the senior Generative AI Researcher will work on ideas exploring new horizons in multimodal analysis, processing, and generation. The researcher is responsible for performing fundamental new research, transferring technology to product groups, draft patent applications, and publish papers.
Summary
Dolby’s research division is currently looking for a talented, self-motivated AI researcher to push the boundaries of the state-of-the-art in media technologies. An ideal candidate would have a strong background in deep learning, both in terms of conceptual understanding, as well as practical experience. A core aspect of this role involves staying up to date with the latest literature and driving innovation by implementing cutting-edge techniques in generative models, self-supervised learning, and multi-modal learning.. Consequently, knowledge or experience in any/all the following are helpful:
• Generative modeling for audio and video applications (diffusion models, autoregressive models, masked generative transformers, etc.).
• Multimodal semantic understanding and multimodal reasoning.
• Multimodal representations (that include audio and/or video).
• Multimodal AI architectures, with a focus on generating audio and/or video (text-to-audio, text-to-video, image-to-audio, etc.).
• AI-driven enhancement, processing, and generation (for audio and/or video applications).
• Exposure to audio and video applications (source separation, text-to-speech, music generation, image generation, image captioning, question answering, etc.)

With the explosion of large language models and natural language processing, the candidate will work closely with Dolby’s Machine Perception and Reasoning team to join a team of top-tier researchers working on challenging problems in multimodal AI for entertainment applications. You will focus on the creation and implementation of multimodal AI technologies from the underlying theoretical concepts to the development of prototypes and demonstrations, with the goal to create new experiences.
The role will involve prototyping inspiring experiences that explore a complement of modalities. These technologies will be used to extend immersion and interaction, so the candidate should be willing to explore empirical refinement of the user experience.
Main responsibilities:
• Work closely with other domain experts to refine and execute Dolby’s technical strategy in artificial intelligence and machine learning.
• Use deep learning to create new solutions and enhance existing applications.
• Push the state-of-the-art and develop intellectual property.
• Mentor interns on novel research problems.
• Publish papers in top-tier conferences and journals.
• Transfer technology to product groups and draft patent applications.
• Advise internal leaders on recent deep learning advancements in the industry and academia to further influence research direction and business decisions.

Requirements :
• Ph.D. in computer science or similar, with a focus on deep learning.
• Experience in AI applied to audio and/or video is a requirement.
• Technical knowledge and experience in generative modeling for audio (music, speech, sfx) or video.
• Strong publication record, with publications in top-tier domain specific conferences (CVPR, ICCV, ECCV, ICASSP, ISMIR), and/or machine learning conferences (e.g., NeurIPS, ICLR, ICML).
• Deep knowledge about current machine learning literature.
• Highly skilled in Python and one or more popular deep learning frameworks (TensorFlow or PyTorch)
• Ability to envision new technologies and turn them into innovative products. CreativityGood communication skills.
• * LI-SB1",https://www.google.com/search?q=eyJqb2JfdGl0bGUiOiJTZW5pb3IgR2VuZXJhdGl2ZSBBSSBSZXNlYXJjaGVyIiwiY29tcGFueV9uYW1lIjoiRG9sYnkiLCJhZGRyZXNzX2NpdHkiOiJLYXJuYXRha2EsIEluZGlhIiwiaHRpZG9jaWQiOiJhM3phMzA0Tm91RWU2Q2JpQUFBQUFBPT0iLCJ1dWxlIjoidytDQUlRSUNJRlNXNWthV0UiLCJobCI6ImVuIn0=,"publish, applied, supervised, requirement, join, technology, international, strong, extend, entertainment, audio, talented, further, edge, image, more, how, academia, journals, dolby, eccv, revolutionize, exploring, vision, icml, should, rendering, into, development, and, art, code, team, from, theaters, results, closely, tech, refinement, cvpr, exposure, can, make, publication, big, knowledge, recent, difference, experts, experience, computer, frameworks, concepts, collegial, strategy, speech, implementing, smartphones, following, research, communication, earn, benefits, machine, horizons, truly, next, culture, techniques, part, have, property, them, need, technologies, core, intellectual, projects, language, innovation, creation, enhancement, interactive, used, best, enjoy, latest, technical, help, where, efforts, interns, deliver, motivated, diffusion, turn, problems, ideas, worldwide, leader, based, terms, with, envision, models, small, python, tensorflow, conferences, media, explosion, challenging, that, ismir, tier, underlying, captioning, use, driven, applications, offer, boundaries, working, intelligence, novel, means, iclr, masked, all, transfer, direction, goal, ideal, requirements, existing, products, implementation, real, modeling, immersive, high, work, are, answering, researchers, refine, movie, specific, would, video, prototypes, complement, develop, generative, multimedia, perception, hear, summary, source, resources, involves, icassp, skills, music, recognition, for, practical, these, than, future, top, popular, publications, the, drive, researcher, semantic, domain, aspect, self, approach, inspiring, advise, influence, empirical, staying, helpful, ability, date, support, creativitygood, transferring, prototyping, explore, performing, architectures, patent, push, analysis, modalities, willing, invent, not, division, role, natural, neurips, see, text, everywhere, science, execute, demonstrations, immersion, senior, draft, your, similar, interaction, meets, include, business, give, question, enhance, member, theoretical, transformers, groups, new, main, candidate, this, iccv, flexible, about, talent, enough, class, innovative, flex, people, well, focus, separation, you, deep, multi, when, design, industry, continue, large, skilled, generating, any, learning, mention, responsible, state, conceptual, user, consequently, understanding, literature, processing, reasoning, looking, fundamental, world, compensation, will, modal, autoregressive, involve, representations, background, product, artificial, solutions, excellent, internal, both, leaders, etc, current, experiences, cutting, decisions, papers, record, highly, pytorch, sfx, absolute, driving, one, currently, create, advancements, responsibilities, other, multimodal, generation, mentor"
AI and Data Science Specialist - Global Research Modernization - Associate,jpmorganchase,"mumbai, maharashtra, india","Job Description
AI and Data Science Specialist - Global Research Modernization - Associate
About J.P. Morgan's Global Research Center (GRC):
J.P. Morgan's Global Research Center (GRC) is an extension of the firm's Global Research teams around the world. GRC has grown steadily, and the team of analysts provide coverage for the key sectors globally across equities, fixed income, macro strategy, derivatives, commodities, quant and indices. To support the continuing growth of Global Research we are now looking to add AI and ML capability to help leverage LLM and other AI capabilities to deliver Research.
Role Overview:
As an Associate within the AI and Data Science Specialist team, you will have the opportunity to support the development and implementation of innovative strategies that enhance research methodologies and outputs. You will bring a strong foundation in AI and data science, a keen interest in financial data, and the ability to work collaboratively with a diverse team of analysts and stakeholders. This role offers you the chance to contribute to a dynamic and innovative team, while expanding your skills and knowledge in AI and data science.
Job responsibilities
• Assist in the development and implementation of AI and data science strategies to improve research methodologies and outputs.
• Support the automation of workflows for global research teams using AI techniques, including Large Language Models.
• Collaborate with research analysts and stakeholders to identify opportunities for data-driven insights and workflow automation.
• Ensure the integrity, accuracy, and accessibility of data used for analysis.
• Stay informed about industry trends and advancements in AI (data science) and evaluate new technologies for potential adoption.
• Work closely with a team of data scientists and analysts to foster a culture of innovation and excellence.
• Communicate analytical concepts and results effectively to team members and stakeholders.
• Manage relationships with external data vendors and technology partners.
• Adhere to regulatory and ethical standards for data use and model governance.

Required Qualifications, Skills and Capabilities
• 3 or more years of experience working with AI and data science in the financial sector.
• Bachelor's degree or higher in Engineering, Data Science, or related fields.
• Excellent communication, presentation, interpersonal, and organizational skills.
• Detail-oriented, with a disciplined approach to process and controls.
• Ability to work collaboratively with team members and stakeholders.

About Us
JPMorganChase, one of the oldest financial institutions, offers innovative financial solutions to millions of consumers, small businesses and many of the world's most prominent corporate, institutional and government clients under the J.P. Morgan and Chase brands. Our history spans over 200 years and today we are a leader in investment banking, consumer and small business banking, commercial banking, financial transaction processing and asset management.
We recognize that our people are our strength and the diverse talents they bring to our global workforce are directly linked to our success. We are an equal opportunity employer and place a high value on diversity and inclusion at our company. We do not discriminate on the basis of any protected attribute, including race, religion, color, national origin, gender, sexual orientation, gender identity, gender expression, age, marital or veteran status, pregnancy or disability, or any other basis protected under applicable law. We also make reasonable accommodations for applicants' and employees' religious practices and beliefs, as well as mental health or physical disability needs. Visit our FAQs for more information about requesting an accommodation.
About the Team
J.P. Morgan's Commercial & Investment Bank is a global leader across banking, markets, securities services and payments. Corporations, governments and institutions throughout the world entrust us with their business in more than 100 countries. The Commercial & Investment Bank provides strategic advice, raises capital, manages risk and extends liquidity in markets around the world.",https://www.google.com/search?q=eyJqb2JfdGl0bGUiOiJBSSBhbmQgRGF0YSBTY2llbmNlIFNwZWNpYWxpc3QgLSBHbG9iYWwgUmVzZWFyY2ggTW9kZXJuaXphdGlvbiAtIEFzc29jaWF0ZSIsImNvbXBhbnlfbmFtZSI6IkpQTW9yZ2FuQ2hhc2UiLCJhZGRyZXNzX2NpdHkiOiJNdW1iYWksIE1haGFyYXNodHJhLCBJbmRpYSIsImh0aWRvY2lkIjoidjladzZBSXlBV3I2ZzYyREFBQUFBQT09IiwidXVsZSI6IncrQ0FJUUlDSUZTVzVrYVdFIiwiaGwiOiJlbiJ9,"effectively, transaction, strong, technology, governance, reasonable, over, leverage, more, coverage, oldest, income, manage, development, and, our, origin, team, derivatives, quant, closely, results, job, recognize, institutional, value, make, practices, law, knowledge, marital, strategic, investment, experience, partners, basis, government, concepts, also, interest, strategy, securities, collaboratively, bachelor, research, communication, governments, corporate, brands, corporations, religion, improve, culture, techniques, have, ensure, equal, color, technologies, opportunities, relationships, they, stakeholders, assist, language, innovation, their, foundation, responsibilities, used, veteran, help, information, history, deliver, commodities, insights, required, payments, leader, with, orientation, attribute, models, presentation, key, small, workforce, directly, race, consumers, status, around, description, foster, banking, that, applicants, markets, today, detail, use, sectors, capabilities, using, driven, adoption, external, center, members, dynamic, identify, working, within, ethical, extends, across, clients, under, entrust, protected, employer, equities, while, offers, continuing, consumer, sexual, methodologies, gender, adhere, national, services, asset, automation, implementation, teams, associate, regulatory, degree, manages, financial, now, strength, grc, are, work, success, high, interpersonal, add, workflows, spans, oriented, potential, health, millions, inclusion, skills, indices, fields, institutions, for, outputs, keen, workflow, physical, than, raises, chase, needs, accessibility, the, excellence, sector, management, discriminate, prominent, stay, including, data, approach, expression, ability, engineering, advice, macro, support, global, llm, analysis, role, not, extension, beliefs, expanding, science, accommodations, visit, evaluate, overview, provide, communicate, jpmorganchase, countries, years, higher, applicable, contribute, many, linked, liquidity, your, specialist, integrity, firm, business, enhance, controls, bank, requesting, has, new, disciplined, this, about, disability, trends, diversity, risk, innovative, people, well, fixed, you, standards, steadily, model, talents, throughout, analysts, faqs, modernization, large, industry, related, vendors, collaborate, organizational, any, strategies, process, scientists, growth, analytical, commercial, opportunity, processing, looking, world, most, grown, will, chance, place, globally, employees, religious, solutions, excellent, diverse, pregnancy, identity, accuracy, accommodation, businesses, mental, informed, provides, one, qualifications, capital, company, capability, age, advancements, morgan, other, bring"
